,correctness,context
0,0.8182518482208252,0.7639237642288208
1,1.0,0.7927073240280151
2,1.0,0.7973001599311829
